{"val_total_loss":0.8045863237661811,"epoch":30,"_wandb":{"runtime":3733},"_step":89,"train_total_loss":0,"_timestamp":1.7398320795970125e+09,"_runtime":3733.448308234,"visualization":{"height":256,"caption":"Epoch 30 - Batch 0","_type":"image-file","sha256":"8f30e2e0178d5144a7d02cf66678bf052948eba68fdf17045069ee12527b981d","size":149069,"path":"media/images/visualization_87_8f30e2e0178d5144a7d0.png","format":"png","width":2048},"train_instance_loss":0.026187271955284055,"train_binary_loss":0.03895403234871911,"val_instance_loss":0.7350721733572965,"val_binary_loss":0.06951415108946654}