{"visualization":{"caption":"First Combined Visualization","_type":"image-file","sha256":"5d8bf6701633a12daca052bb00a099db1bf66888fc01771ec0ccb2bb2a0edd1c","size":164231,"path":"media/images/visualization_0_5d8bf6701633a12daca0.png","format":"png","width":2048,"height":256},"_timestamp":1.739838405704123e+09,"_runtime":1.396068192,"_step":1,"binary_loss":0.05150015279650688,"instance_loss":0.2581311762332916,"total_loss":0.3096313178539276,"_wandb":{"runtime":1}}