{"_wandb":{"runtime":1},"_runtime":1.480650858,"_step":1,"visualization":{"caption":"First Combined Visualization","_type":"image-file","sha256":"1447394ce2cb864a06c84b332353bd40788e8eb289508f46ef74458fe29e6422","size":169311,"path":"media/images/visualization_0_1447394ce2cb864a06c8.png","format":"png","width":2048,"height":256},"_timestamp":1.7398382080098457e+09,"binary_loss":0.0522676482796669,"instance_loss":0.15855945646762848,"total_loss":0.21082711219787598}