{"visualization":{"path":"media/images/visualization_0_1447394ce2cb864a06c8.png","format":"png","width":2048,"height":256,"caption":"First Combined Visualization","_type":"image-file","sha256":"1447394ce2cb864a06c84b332353bd40788e8eb289508f46ef74458fe29e6422","size":169311},"_timestamp":1.7398323628725288e+09,"_runtime":1.382058519,"_step":1,"total_loss":0.2108270823955536,"binary_loss":0.05226763337850571,"instance_loss":0.15855945646762848,"_wandb":{"runtime":1}}