{"val_total_loss":0.798593679514642,"train_total_loss":0,"val_instance_loss":0.7308525047264993,"_wandb":{"runtime":965},"visualization":{"width":2048,"height":256,"caption":"Epoch 8 - Batch 0","_type":"image-file","sha256":"9f6b60d8f2e6473beea9cb814440c5a810ce6c0c55f968d793f6467bd919a2c0","size":149455,"path":"media/images/visualization_21_9f6b60d8f2e6473beea9.png","format":"png"},"_step":21,"train_binary_loss":0.0423545743528735,"val_binary_loss":0.06774117310459797,"train_instance_loss":0.06169317881877891,"_runtime":866.750488639,"epoch":7,"_timestamp":1.73983417888528e+09}