{"_wandb":{"runtime":534},"visualization":{"width":2048,"height":256,"caption":"Epoch 5 - Batch 0","_type":"image-file","sha256":"ef400ce7c798864b76fa2b1664ed334ecc1fff02bc8f1fc58398b181d32297bf","size":149251,"path":"media/images/visualization_12_ef400ce7c798864b76fa.png","format":"png"},"val_binary_loss":0.0764787542838149,"_step":12,"val_total_loss":0.7947995283345624,"_runtime":534.101269373,"train_total_loss":0,"train_binary_loss":0.04776577474491567,"val_instance_loss":0.718320775231937,"_timestamp":1.739828310868682e+09,"epoch":4,"train_instance_loss":0.0850197767133113}