{"val_binary_loss":0.06868222165996066,"_wandb":{"runtime":3737},"train_instance_loss":0.05129725361168755,"_timestamp":1.7398381124359844e+09,"_runtime":3737.07120862,"_step":89,"train_total_loss":0,"visualization":{"size":138864,"path":"media/images/visualization_87_2a867426060048f3aaa0.png","format":"png","width":2048,"height":256,"caption":"Epoch 30 - Batch 0","_type":"image-file","sha256":"2a867426060048f3aaa0f9eba68279007c84d3299c17036b8359520b58235d31"},"train_binary_loss":0.038964324153552006,"val_instance_loss":0.8176423824177339,"val_total_loss":0.8863246030389116,"epoch":30}